"ID","Destination URL","Short URL","Slashtag","Total Clicks","Title/Label","Redirect Code","Password","Created At (UTC)"
"73583429","https://avantadesign.notion.site/Hacienda-Tepetlcalli-5bd15da5149b4a058b1322fe5e651bc2?pvs=4","https://avanta.design/HTepetlcalliNotion","HTepetlcalliNotion","1 ","Notion | Hacienda Tepetlcalli 1870","301","","2024-02-17 03:04:09"
"73584648","https://avantadesign.notion.site/Aventia-da26465de21f4ec7bd98fe09db9c84d8?pvs=4","https://avanta.design/AventiaNotion","AventiaNotion","30 ","Aventia | Notion","301","","2024-02-17 03:05:43"
"73584741","https://chat.openai.com/g/g-WXWxIY3DV-aventiagpt","https://avanta.design/AventiaGPT","AventiaGPT","18 ","AventiaGPT","301","","2024-02-17 03:07:41"
"73584773","https://1drv.ms/f/s!AtAQGskiu3teh68-sP2OTwOuhIRA-w?e=wJd453","https://avanta.design/AventiaPressKit","AventiaPressKit","56 ","","301","","2024-02-17 03:10:47"
"73587079","https://1drv.ms/f/s!AtAQGskiu3teh6oOuw34ZUfHg_4fFg?e=elfUDj","https://avanta.design/AventiaDocs","AventiaDocs","23 ","Aventia Documents","301","","2024-02-17 04:55:56"
"73587182","https://avantadesign.notion.site/FORO-C-MEM-8e811a5fbcc2464bb40a8e6155cc792c?pvs=4","https://avanta.design/ForoC-MEMPuebla","ForoC-MEMPuebla","5 ","Foro C-MEM Puebla | Aventia","301","","2024-02-17 05:05:32"
"73588714","https://chat.openai.com/g/g-PKJNxnBMi-aventiatechincalgpt","https://avanta.design/AventiaTechnicalGPT","AventiaTechnicalGPT","4 ","AventiaTechnicalGPT","301","","2024-02-17 07:25:37"
"73703178","https://avantadesign.notion.site/REDES-SOCIALES-INDIGO-3f15f6ee56a74eb2b1b6dbc0aee1f123?pvs=4","https://avanta.design/RedesIndigo","RedesIndigo","25 ","Redes Indigo | Avanta-Ikal","301","","2024-02-21 17:27:29"
"74248304","https://avantadesign.notion.site/Tecnolog-as-Aventia-ES-9dcacfbbfad34ad88427fd6fdfc9576f?pvs=4","https://avanta.design/TecnologiasAventiaES","TecnologiasAventiaES","303 ","Tecnolog√≠as Aventia Espa√±ol","301","","2024-03-08 22:57:42"
"74327436","https://avantadesign.notion.site/Tecnolog-as-Aventia-EN-dbc0491b0180444eb55db46092df9ce0?pvs=4","https://avanta.design/AventiaTecnologiesEN","AventiaTecnologiesEN","41 ","Aventia Tecnologies ENGLISH","301","","2024-03-12 02:09:47"
"75015778","https://chat.openai.com/g/g-popYAePu8-indigogpt","https://avanta.design/IndigoGPT","IndigoGPT","3 ","IndigoGPT","301","","2024-04-04 17:48:43"
"75015854","https://chat.openai.com/g/g-xUrd0d9PH-tepetlcalligpt","https://avanta.design/TepetlcalliGPT","TepetlcalliGPT","3 ","TepetlcalliGPT","301","","2024-04-04 17:51:06"
"75346591","https://chat.openai.com/g/g-0PQXYlwEv-avantagpt","https://avanta.design/AvantaGPT","AvantaGPT","5 ","üü† AvantaGPT","301","","2024-04-17 03:48:31"
"75831212","https://1drv.ms/f/s!AtAQGskiu3teh6ZitwgK-9n9Jp0_jQ?e=3nYcq2","https://avanta.design/TepetlcalliDocsInformativos","TepetlcalliDocsInformativos","0 ","Documentos Informativos | Hacienda Tepetlcalli","301","","2024-04-30 21:03:24"
"75831683","https://1drv.ms/f/s!AtAQGskiu3tehq0PQmJUpwMVRz8sFg?e=reXFHF","https://avanta.design/TepetlcalliPressKit","TepetlcalliPressKit","10 ","","301","","2024-04-30 21:54:23"
"75980562","https://1drv.ms/f/s!AtAQGskiu3teh8xfx_95cJg9_WmSpw?e=oZtThi","https://avanta.design/AventiaPresentaciones","AventiaPresentaciones","86 ","Aventia Presentaciones","301","","2024-05-06 02:23:41"
"77266973","https://avantadesign.notion.site/HyperCube-f07e48f5d997446b928e693812c297cb?pvs=4","https://avanta.design/HypercubeNotion","HypercubeNotion","8 ","‚¨ú Hypercube Notion","301","","2024-06-11 03:00:41"
"77791546","https://avantadesign.com/m","https://avanta.design/ceo","ceo","3 ","Mateo Reyes | Avanta Design","301","","2024-06-26 01:03:25"
"77791607","https://avantadesign.com/mac","https://avanta.design/mac","mac","2 ","Macarena Macip | Avanta Design","301","","2024-06-26 01:06:37"
"78069926","https://aventiapresentacionesp.my.canva.site/","https://avanta.design/AventiaPresentacionESP","AventiaPresentacionESP","11 ","Aventia Presentacion ESP","301","","2024-07-04 21:53:57"
"83316565","https://www.amazon.com.mx/Hisense-Pantalla-43A6N-Google-Works/dp/B0CZWPDP34/ref=sr_1_5?__mk_es_MX=%C3%85M%C3%85%C5%BD%C3%95%C3%91&crid=16YZL2TK1JIDJ&dib=eyJ2IjoiMSJ9.uy_oI5SrHY8O-APSPdgsVxCh5UVkbIvNoEFW--5gP-bhZwNXbKV5HVbH8Kh4VmSB13nuvUdHv8Z3-GJZinREcDqqOSa1weUbFE0tLg-H3T7H8BmrfTh_8-Bvbr6wdYqFVOGHgJuZgvxzJHrYQVPIdZbF_JwrujS8shAiii123aWMqDtLHWEfRYltZdEt51JzrbuVzmO-creyZNFYNJKnhybuVchVl9YTSxbM2C_N3gHlaK8bOo7URGhaintXJNNFxMT-56BxQAZWMKb94DOznC6pSAAafiZd58HS2r_BQJQ.dCB3bAge6_bd5O4AX5E-VoFZFQ9HCTLHvR9h0HSVf04&dib_tag=se&keywords=google%2Btv%2B43%2Bpulgadas%2B4k%2B60hz&qid=1730761273&sprefix=google%2Btv%2B43%2Bpulgadas%2B4k%2B60hz%2Caps%2C129&sr=8-5&ufe=app_do%3Aamzn1.fos.709e624a-cf89-43d6-ada3-7117189c8ad8&th=1","https://t2m.io/Ygp1xJS","Ygp1xJS","3 ","TV Amazon Recepcion","301","","2024-11-04 22:51:10"
"83316610","https://www.amazon.com.mx/Amazon-Basics-Soporte-Pared-articulado/dp/B01KBEOL5E/ref=pd_day0fbt_d_sccl_1/145-5777788-1592853?pd_rd_w=GT4TI&content-id=amzn1.sym.7097b179-c7b2-4b3f-9bd2-0a674e70d880&pf_rd_p=7097b179-c7b2-4b3f-9bd2-0a674e70d880&pf_rd_r=0V2HT9KFX8D5XJWA3PMV&pd_rd_wg=HQ403&pd_rd_r=543580a6-603f-4505-b75f-d0c0ca8f5a3a&pd_rd_i=B01KBEOL5E&th=1","https://t2m.io/78HgUFK","78HgUFK","0 ","TV Amazon Soporte Recepcion","301","","2024-11-04 22:54:00"
"83317070","https://www.amazon.com.mx/TCL-Pantalla-65S451G-Digital-Compatible/dp/B0D23YJFNQ/ref=sr_1_9?__mk_es_MX=%C3%85M%C3%85%C5%BD%C3%95%C3%91&crid=FV1A65FUAF3P&dib=eyJ2IjoiMSJ9.BuXfCqk2BjigomC2gdMYPgtzGnL4wVotgq31oQWb94NY8IsspHcnjclysl_tidm_EunowUvkoykceDnTiTNSCWPDqIhVWSd_HBRTPAOiC6owwMmCIQdGs1rPxCAcu9Q3SR-wPRIUyBKfX5fVBP-PKxqBvCaw0NNY39oXh5nW6qjUaBE7c1tMapTdNmSofuLu55XN8iIbttqxwAfBkWJLeNi_q7AL-cQyDJ1IjrcpGvxrP0FNlhnsDDr2OnDd34pjDCWSwCfX40O8oZWp5fqV4a-mEQiYsr8uyFAQinPW0EQ.0TqUFc3649y9PTg3PYzH3UonzMf7b1_YEe_6IF-ljpE&dib_tag=se&keywords=tv%2B70%2Bpulgadas%2B4k%2B120hz&qid=1730760996&sprefix=tv%2B70%2Bpulgadas%2B4k%2B120hz%2Caps%2C121&sr=8-9&ufe=app_do%3Aamzn1.fos.709e624a-cf89-43d6-ada3-7117189c8ad8&th=1","https://t2m.io/5zLD5SM","5zLD5SM","2 ","TV Amazon 65 Pulgadas","301","","2024-11-04 23:03:08"
"83317090","https://www.amazon.com.mx/Pulgadas-Television-Ajustable-Capacidad-600x400mm/dp/B0D99ZXCWF/ref=sr_1_7?__mk_es_MX=%C3%85M%C3%85%C5%BD%C3%95%C3%91&dib=eyJ2IjoiMSJ9.xumKqDRRdYRimP5zf6SSrUlR7vJ8dlP3O7hK7n26UXkebXdnzWJxSBIJgNvM4_wOcGeclZAmb8UJq7YjPX7L3shUn1F1GbWfTOHVSHlupECMhfB5YSttq305X5stVFd6J2DoveFtKDuoJpy7L5sJ5woTHoGwB6ISZ7V8gH70LEBb7UMUFVIwJXWYdApuBpT-EHe80_kwM0cfcaTTOMx7Q-c-3zvkmWhTcBy21G8Tt6VWQvkix2R38cMuFV5INSALq83dTdkrEdn06eLU3cP2YJ4BISJGfTYu6b0H0Z7Be6k.0xzIICxZ4bMK0tWU0IGnX5-f5VGe7jrDdgsnbh3Y6SE&dib_tag=se&keywords=soporte+piso+65+pulgadas&qid=1730761410&s=electronics&sr=1-7&ufe=app_do%3Aamzn1.fos.de93fa6a-174c-4df7-be7c-5bc8e9c5a71b","https://t2m.io/8LC3ykO","8LC3ykO","1 ","Soporte Piso 65 Pulgadas","301","","2024-11-04 23:04:03"
"83317323","https://www.alibaba.com/product-detail/Standing-Man-Black-Mannequin-Full-Body_1601147020425.html?spm=a2700.details.you_may_like.1.6a2c61202Ef3Mf","https://t2m.io/QmgGD0C","QmgGD0C","0 ","Maniqui Opcion A","301","","2024-11-04 23:14:06"
"83317336","https://www.alibaba.com/product-detail/plastic-lifelike-realistic-clear-female-Degradable_60548455572.html?spm=a2700.details.you_may_like.2.6a2c61202Ef3Mf","https://t2m.io/Mzm01Kk","Mzm01Kk","0 ","Maniqui Opcion B","301","","2024-11-04 23:15:02"
"83317834","https://www.amazon.com.mx/ZEUTICA-Tapete-Adhesivo-Pulgadas-Pegajoso/dp/B0BXWBVMSH/ref=sr_1_1?__mk_es_MX=%C3%85M%C3%85%C5%BD%C3%95%C3%91&crid=1O4LA9OW9GWBW&dib=eyJ2IjoiMSJ9.ZoBXcz2t2HbtXcRCrnwwQI-W4Lbdp4LFpiNiyIyIeIOjqswUqWCmRJvpA2c-OEiIrgDonwoZHYct1JaadoVAsriPUr2h4owq3xj4uu4fm74hAmJPqwW7HJYQLfb1BrvVDLNt2C-8AabLpx1Xvh1hCLyvb1hMtTpbztYqFeUQmmx-oiBav-UHbVfV1Qh5CfZRWhOi9zqcTkYy_d_l8Q_7oRMNLlB_B0bataNlCYtB1EDYmV-nMuXjTJAGwTNW4Izz5DYH0YUWtzV2onGjGh11mg7XasM6Kel2L-wTOYPnGe4.8V1Pp13wCWeW04XpLm4AhLppqXpkRrmPlD2tNjw_4R4&dib_tag=se&keywords=tapete%2Badhesivo&qid=1730762624&sprefix=tpete%2Badhesidvo%2Caps%2C142&sr=8-1&ufe=app_do%3Aamzn1.fos.db4f1a57-87f1-43c5-9a39-0cdca6036b57&th=1","https://t2m.io/DTZFUyV","DTZFUyV","0 ","Tapete Adhesivo","301","","2024-11-04 23:24:55"
"83318141","https://www.amazon.com.mx/Adhesivos-Almohadilla-Adhesiva-Suciedad-Construcci%C3%B3n/dp/B0D7FHBRSJ/ref=sr_1_2?__mk_es_MX=%C3%85M%C3%85%C5%BD%C3%95%C3%91&crid=1O4LA9OW9GWBW&dib=eyJ2IjoiMSJ9.ZoBXcz2t2HbtXcRCrnwwQI-W4Lbdp4LFpiNiyIyIeIOjqswUqWCmRJvpA2c-OEiIrgDonwoZHYct1JaadoVAsriPUr2h4owq3xj4uu4fm74hAmJPqwW7HJYQLfb1BrvVDLNt2C-8AabLpx1Xvh1hCLyvb1hMtTpbztYqFeUQmmx-oiBav-UHbVfV1Qh5CfZRWhOi9zqcTkYy_d_l8Q_7oRMNLlB_B0bataNlCYtB1EDYmV-nMuXjTJAGwTNW4Izz5DYH0YUWtzV2onGjGh11mg7XasM6Kel2L-wTOYPnGe4.8V1Pp13wCWeW04XpLm4AhLppqXpkRrmPlD2tNjw_4R4&dib_tag=se&keywords=tapete+adhesivo&qid=1730762624&sprefix=tpete+adhesidvo%2Caps%2C142&sr=8-2&ufe=app_do%3Aamzn1.fos.de93fa6a-174c-4df7-be7c-5bc8e9c5a71b","https://t2m.io/1QJzfEV","1QJzfEV","0 ","Tapete Adhesivo en paquetes de 10","301","","2024-11-04 23:26:20"
"83318908","https://www.alibaba.com/product-detail/Rubber-and-Plastic-cable-ramp-5_1600739647692.html?spm=a2700.galleryofferlist.normal_offer.d_title.4c7913a0FVwOXA","https://t2m.io/sqNhjju","sqNhjju","2 ","Rampas cable piso","301","","2024-11-04 23:32:59"
"83319056","https://www.amazon.com.mx/Ultra-Explorer-extensi%C3%B3n-retr%C3%A1ctil-resistente/dp/B0BWDRYMYC/ref=sr_1_3?__mk_es_MX=%C3%85M%C3%85%C5%BD%C3%95%C3%91&crid=1LUT1BTS35Y6U&dib=eyJ2IjoiMSJ9.QvJSxSyuAmWZ6i9S4Sl4wJYCSKBdsn82HFbeIl3NpA40ydAADgQ0sRgKNKAPwtDEmf7UUcwQQtKCcQR8M4_Kh-QYnwW7Vq_o6LuzdADl4TG47qVkrJ6MgoDqspQxytDtjDtVRm4O9y-N1Uq85D544FpI7eb_EiOvSKRFdlP70wXI4ZO_1hxLmYQXg15cZ_NUZG5GKZ2XoDIJjQKBV_l0UZmmLXjrdcHvSmThBtnqu_ZU9LpsICZTry-gY5xHCIjy6Mpw9Nsm1Kw4rnDBfqu7oZyMWWhH7vp9eA5GWrl5Mn8.M_sXhF4mvIjFghBd-Npf6hIxk5eivFlRdhV28_pXUGg&dib_tag=se&keywords=Extension+retraible&qid=1730763482&sprefix=extension+retraible%2Caps%2C168&sr=8-3&ufe=app_do%3Aamzn1.fos.0756ff71-cd49-4f74-b79d-989957bd849e","https://t2m.io/HJzmb8M","HJzmb8M","2 ","Extension retraible","301","","2024-11-04 23:38:36"
"83319613","https://www.amazon.com.mx/HUAWEI-M-Pencil-Incluido-Superbater%C3%ADa-Bluetooth/dp/B0D812YYJJ/ref=sr_1_1?__mk_es_MX=%C3%85M%C3%85%C5%BD%C3%95%C3%91&crid=2ITR6LU0V2YCH&dib=eyJ2IjoiMSJ9.aJZVRy0bB_KIyLuXRdZG2NE4lEI540doZE8RLelt0GFsXcCQCkRBroKijbpSFwD1InrxswbythZkrFbIfdzs_lTBDCdFrHu8kMXcjI4XsupSqBCc8kGvLjteOPSDL757lz1z1w-ckPFroRNC3GhwhmmErisWCtKpjuVi8Y1JqmXdU3jkVXCh4mtB-p56j2iwdCQQuZuV-YrMRvXTLDeb3qnnGZ9aJtoNdG9jV8AsRmaQJLj0yXabiwzFTw5Y5YML6hjzneneFByWESnaAhCAifYFzj7FtN9koAWQqjaCCaA.5cK_0BGjXyWyza7jMLFb8GTlEz4Ns4oO_tcRlR3RKA4&dib_tag=se&keywords=tablet%2Bcon%2Bpluma&qid=1730764899&sprefix=tablet%2Bcon%2Bpluma%2Caps%2C162&sr=8-1&ufe=app_do%3Aamzn1.fos.709e624a-cf89-43d6-ada3-7117189c8ad8&th=1","https://t2m.io/BoPkEP8","BoPkEP8","2 ","Tablet con pluma Recepci√≥n","301","","2024-11-05 00:02:36"
"83319931","https://www.amazon.com.mx/NEEWER-X12B-Teleprompter-Compatible-Transmisi%C3%B3n/dp/B0CV3M9GPJ/ref=sr_1_3_sspa?__mk_es_MX=%C3%85M%C3%85%C5%BD%C3%95%C3%91&crid=YVTG20YBMMRN&dib=eyJ2IjoiMSJ9.8f7B8hdDmU-hUjNluxZpvLwbHkR9zWcYO8MITq-4OH21TaQwKrGBiHEItUlLI7FJ1Ad0OY7P5Gt-RS-MHCEx3kXOb2Sf2ArOVq6et7Gfelpqa8APyla46mtmF66woIG7-N_NiJlMOKWhoM5k5TAiRtm-vHb5rp_1mvWjGITIYlIsg6C8cU7UCtqC7pBzn4llhB4tmdaqiTVLh1Um8rOCggCl7NLyhnz0ZvgXjlPds6YH6vQvG-EEU-vViDhDroxSvDfbGBlYiWQ12bIhLb8Rj6H-ZFaT5wSH9SglkVF-ZS8.QUfg4jK6L49MsvRlJr-Jv4xQyFpNHzPVOZvr56Kkao4&dib_tag=se&keywords=teleprompter+ipad+8&qid=1730765268&sprefix=teleprompter+ipad+8%2Caps%2C369&sr=8-3-spons&ufe=app_do%3Aamzn1.fos.0756ff71-cd49-4f74-b79d-989957bd849e&sp_csd=d2lkZ2V0TmFtZT1zcF9hdGY&psc=1","https://t2m.io/Aiag5NY","Aiag5NY","6 ","Teleprompter ipad 8","301","","2024-11-05 00:08:17"
"83320010","https://www.amazon.com.mx/Rode-Rodecaster-Pro-II-producci%C3%B3n/dp/B0B17V8NGX/ref=sr_1_1?__mk_es_MX=%C3%85M%C3%85%C5%BD%C3%95%C3%91&crid=2U5FOX9820XGO&dib=eyJ2IjoiMSJ9.w8R_yysy38DhwdC8ztyuA1zp5YQk6Udpu_N4u6ajQh05DiTlT0mb9WDOWB4E5Of0pn4oQ6RdelTyO4S-UCxf3HbWmOSrzYYZ9fMNvnXaA3eTRI4WjorPS1ACqXPh-1aaUGJpzi81cEuzH_77h0FotTu4quEXUua6zT1yg-8dVXDsxi-SQBJGKwvJEWxVHGm52RgXt5hBJohidvdA1jhBr_oGmwRnvCDO-mLPaowwsho2dxxbxr00fuCVb229ZU0n3yUDZ3O7UV99be2mAKbW2YO465bdWjxuf6fNGrh-1jc.a1kOBefR3cqUyHmuVRj4tV7mS0GtFCZorLRAteH3Jmc&dib_tag=se&keywords=rodecaster%2Bpro%2B2&qid=1730765354&sprefix=rodecaster%2Bpro%2B2%2Caps%2C161&sr=8-1&ufe=app_do%3Aamzn1.fos.f692f78b-157c-4a5e-9f23-65555b3d6469&th=1","https://t2m.io/Stw2xBz","Stw2xBz","1 ","Rodecaster Pro 2","301","","2024-11-05 00:09:45"
"83320820","https://www.amazon.com.mx/Viewsonic-Proyector-autom%C3%A1tico-Streaming-PX701-4K/dp/B08L9SM2DK/ref=sr_1_13?__mk_es_MX=%C3%85M%C3%85%C5%BD%C3%95%C3%91&crid=3GD47XHYPKC2N&dib=eyJ2IjoiMSJ9.gPu7iF5qp6QCOg7kH5CVhVA0WkaajTcVOgTGtrsaVWDzQkS2xVJsXz7F1e9izrAeKEBQnOooRpD3rukCtW7KRqPZTwmynmgfbvbflk5ACw-dr6cTYu2Y6EzvrqBzU3pAQJzugrrgjDnSZmb5S1zU1JSjxTluQxOyEy6uTCuEqam7aeyflv1CrquthiYPygbu7PGod1JIrUW8KaMG9NWYTihgOxhYDPLIarv1QA8vapTHOVVW3EdZ1IlJ3HwutuFoHQBBOX3ND3tqjL-Tgu-y4CDzYj6w936U0xQIAvWHfgw.bSQxPXFILrLDnP_ySkLviLYu55WcqDiqgFD8bKf0QBg&dib_tag=se&keywords=proyector%2B4k%2B60%2Bhz&qid=1730767023&refinements=p_n_feature_eleven_browse-bin%3A30298633011&rnid=30298611011&s=electronics&sprefix=proyector%2B4k%2B60%2Bhz%2Caps%2C126&sr=1-13&th=1","https://t2m.io/qcZbecv","qcZbecv","1 ","Proyector 4k","301","","2024-11-05 00:38:15"
"83320953","https://www.amazon.com.mx/Epson-Proyector-transmisi%C3%B3n-Inteligente-reacondicionado/dp/B0CQ3FFY5J/ref=sr_1_2?__mk_es_MX=%C3%85M%C3%85%C5%BD%C3%95%C3%91&crid=3GD47XHYPKC2N&dib=eyJ2IjoiMSJ9.gPu7iF5qp6QCOg7kH5CVhVA0WkaajTcVOgTGtrsaVWDzQkS2xVJsXz7F1e9izrAeKEBQnOooRpD3rukCtW7KRqPZTwmynmgfbvbflk5ACw-dr6cTYu2Y6EzvrqBzU3pAQJzugrrgjDnSZmb5S1zU1JSjxTluQxOyEy6uTCuEqam7aeyflv1CrquthiYPygbu7PGod1JIrUW8KaMG9NWYTihgOxhYDPLIarv1QA8vapTHOVVW3EdZ1IlJ3HwutuFoHQBBOX3ND3tqjL-Tgu-y4CDzYj6w936U0xQIAvWHfgw.bSQxPXFILrLDnP_ySkLviLYu55WcqDiqgFD8bKf0QBg&dib_tag=se&keywords=proyector+4k+60+hz&qid=1730767023&refinements=p_n_feature_eleven_browse-bin%3A30298633011&rnid=30298611011&s=electronics&sprefix=proyector+4k+60+hz%2Caps%2C126&sr=1-2","https://t2m.io/XzcX1F7","XzcX1F7","0 ","Proyector 4k B","301","","2024-11-05 00:43:49"
"83321025","https://www.amazon.com.mx/Tocadiscos-giratorios-fotograf%C3%ADa-plataforma-visualizaci%C3%B3n/dp/B094NPBTCP/ref=sr_1_3?__mk_es_MX=%C3%85M%C3%85%C5%BD%C3%95%C3%91&crid=20BJGNGMO59LM&dib=eyJ2IjoiMSJ9.9k7n1Ml3CY2D0YAUUMumY7eFq9y2D9ietWiw7Rw6aOJg2h5Rn5MgEUoItjzrdk6k0jGO-q2YdxVFHSgd19zhXKLldqICXGCc_gya5aEpB-fyp4aGXUnlIW1F26XWrAYwqSCzTpN-YfA9ZYpL2vn72OzF4i0BEapqp6PxyOhcQ5a-y_wlYrTPSZr4GXywvOZ3kBPWXhbGGYMbkG-FoYlAB9GBCATGwryKl-LH3AWQPFpYaZoBeCbRMh3JjZWZkzW92LtdXp8GLQPxjW3uJdbHCZVNH7i8jHEEWMZUOsMIRFo.LeQXayyCY6-PF9_7fTb1i9OzB7GjZZ6E6-ca7tQlovU&dib_tag=se&keywords=plataforma%2Bgiratoria%2B100kg&qid=1730767348&s=electronics&sprefix=plataforma%2Bgiratoria%2B100%2Bkg%2Celectronics%2C208&sr=1-3&ufe=app_do%3Aamzn1.fos.0756ff71-cd49-4f74-b79d-989957bd849e&th=1","https://t2m.io/J3e2UnC","J3e2UnC","4 ","Tornamesa Principal","301","","2024-11-05 00:50:04"
"83321036","https://www.amazon.com.mx/Plataforma-giratoria-exhibici%C3%B3n-superficie-giratorio/dp/B088WZQ3HS/ref=sr_1_27_sspa?__mk_es_MX=%C3%85M%C3%85%C5%BD%C3%95%C3%91&crid=20BJGNGMO59LM&dib=eyJ2IjoiMSJ9.9k7n1Ml3CY2D0YAUUMumY7eFq9y2D9ietWiw7Rw6aOJg2h5Rn5MgEUoItjzrdk6k0jGO-q2YdxVFHSgd19zhXKLldqICXGCc_gya5aEpB-fyp4aGXUnlIW1F26XWrAYwqSCzTpN-YfA9ZYpL2vn72OzF4i0BEapqp6PxyOhcQ5a-y_wlYrTPSZr4GXywvOZ3kBPWXhbGGYMbkG-FoYlAB9GBCATGwryKl-LH3AWQPFpYaZoBeCbRMh3JjZWZkzW92LtdXp8GLQPxjW3uJdbHCZVNH7i8jHEEWMZUOsMIRFo.LeQXayyCY6-PF9_7fTb1i9OzB7GjZZ6E6-ca7tQlovU&dib_tag=se&keywords=plataforma+giratoria+100kg&qid=1730767348&s=electronics&sprefix=plataforma+giratoria+100+kg%2Celectronics%2C208&sr=1-27-spons&ufe=app_do%3Aamzn1.fos.de93fa6a-174c-4df7-be7c-5bc8e9c5a71b&sp_csd=d2lkZ2V0TmFtZT1zcF9idGY&psc=1","https://t2m.io/ZjD1ESa","ZjD1ESa","2 ","Tornamesa Joyeria Espejo","301","","2024-11-05 00:50:38"
"83321077","https://www.amazon.com.mx/Ausein-Multicontacto-Extension-Electrica-Extensi%C3%B3n/dp/B0C8TD6HXP/ref=sr_1_1?__mk_es_MX=%C3%85M%C3%85%C5%BD%C3%95%C3%91&crid=2R33P1OH40QD3&dib=eyJ2IjoiMSJ9.GwbWnpG95yzBg1h6NIFjSpU9oDxOAQfVQpqmG6R7IdhvMmO94z_aKHogyj_3XVk8oyX6cp30uKmLtDko4f-FYOKTbXZQI8aDVAl40ffkB41dvog5LR4lyXmkzF-G2atAbw8y17sK9o1eK6CWEGC-90gdYEQrnN8vAulvg55nfTH6q__Z9-Wqh046qSStb7M4PlONSlxJrJuWRCLZXDmGnPuacql-IDmY3RU8M3ytFj1NdoaoxtIl5d3COAubxlI1U5kzZTX_dCH7MzoiST2Aj536l_mYgofrx22enSuJ5Qk.iHh2NiasoWc0On5rt2LuSs0FCFGlgJW2nFxDktM4f3A&dib_tag=se&keywords=barra%2Bde%2Bcontactos%2Bcon%2Busb&qid=1730767935&sprefix=barra%2Bde%2Bcontactos%2Bcon%2Busb%2Caps%2C137&sr=8-1&ufe=app_do%3Aamzn1.fos.de93fa6a-174c-4df7-be7c-5bc8e9c5a71b&th=1","https://t2m.io/6Z8Va77","6Z8Va77","5 ","Multicontactos","301","","2024-11-05 00:54:54"
"83321298","https://www.amazon.com.mx/Marcadores-borrado-Cincel-Vibrant-16-Count/dp/B00UHUJ2QG/ref=sr_1_1?crid=3OD2OFI2P5PYT&dib=eyJ2IjoiMSJ9.rSc2pPuRctTEOl53RXZaJd0DCfphC9LXMU1KKvPSJlFeGrkdyR4-bGo5QUGaygg1v5wHh7f6ijQfJ_6PkN4tux4lGRvrMvimMR2hXhtmANy6kBSFCH786uhtXOvobMLjNtf6PtZGr1ZUaxOs0GJSlsBTfrL8KWgd1kcZ6eQ9yaXi_gP_3fK_b3ADH-Ts47VE4XQ5nF0qg3bjV_bFEdS_bq5Y6pPv93ZK5bv1HmelqOFEPT-X-LCgqG5uGilvQKs5Xq-_V_8bimAJgnEtTKuZeDZZ0kfXck3KQv52bRszoCc.zOc623HysjjUpSWUcQ-Ujt13UFJjiItjDehPJWWcE9A&dib_tag=se&keywords=plumones+borrado+en+seco&qid=1730768415&sprefix=Plumones+borrado+en+%2Caps%2C145&sr=8-1&ufe=app_do%3Aamzn1.fos.de93fa6a-174c-4df7-be7c-5bc8e9c5a71b","https://t2m.io/D4yT6Mp","D4yT6Mp","3 ","Borrador en seco","301","","2024-11-05 01:00:56"
"83321658","https://www.amazon.com.mx/Raganet-Plumones-Marcadores-Profesional-Diferentes/dp/B0BWKGCPY1/ref=sr_1_2?__mk_es_MX=%C3%85M%C3%85%C5%BD%C3%95%C3%91&crid=1BKLZQO31DEET&dib=eyJ2IjoiMSJ9.twOF_Hsz6FOnwOMZhfsbihapsB500YXxrfNoGiM72GmxqlxyOMQWabjvs-EovAYi4eJ-E48Pwk62u81szJpg9Wmp7hPDtnIAG3kmhKCpe3OuGkiENSvERpPRfnIa2KPZmGt1Zmny87WknwTf1dQzEo007baSmhoYtvhluh5GRx7hyFKSpgsx354QXAcccNdsFpfWlaoLRzgSN2YNHZxsYuiyrTTC6Nxp1hDqtMm56EsLWdU7VjHhHgd0z3Xjp1awXuwZEAq4fEs9Z8dKXYK18Lz1USqQAt0jFw1hMNfTxCw.ImktdUs_HThmQf1afEsbgJlHe3vsawHH1WI7QQ8_z7Q&dib_tag=se&keywords=Plumones&qid=1730768301&sprefix=plumones%2Caps%2C187&sr=8-2&ufe=app_do%3Aamzn1.fos.de93fa6a-174c-4df7-be7c-5bc8e9c5a71b","https://t2m.io/4DR4qOO","4DR4qOO","2 ","Plumones General","301","","2024-11-05 01:02:25"
"83322507","https://www.bhphotovideo.com/c/product/1606022-REG/auray_bp_59a_5_section_aluminum_boom_pole.html","https://t2m.io/F1uBQFk","F1uBQFk","3 ","Boom Pole","301","","2024-11-05 01:17:45"
"83322576","https://www.bhphotovideo.com/c/product/1686673-REG/godox_tl120_rgb_tube_light.html","https://t2m.io/W1F2YJk","W1F2YJk","2 ","Barra Luz Godox","301","","2024-11-05 01:21:44"
"83322741","https://www.amazon.com.mx/Asus-PA279CRV/dp/B0BQPSX5CR/ref=sr_1_1?__mk_es_MX=%C3%85M%C3%85%C5%BD%C3%95%C3%91&dib=eyJ2IjoiMSJ9.Px7MQts7OwkBZ6Us_DtEhE3E8IVtEooehlZfZjp8fes59MUmes7EIthYU_H3hOzDiP-IuCK4izLYD4WlrH28ksqulYyizB-5_hDpgGnkKJFRtlRaiPlgkMEhIs9jnucEUT1rUivWu3WFEuEcvfN_3g1oEuWu5EvPbegIpKHHqaFhsN1El2lK36afYlMMR4Y9rNBK2nSIUeV_ukOScKeaDGsSm42O175ELNa8XfxXjnCRXv9K91rVUzHHMKpdEAlRsbHxIp1XybdEI277OsetfkYf1WvCp9U4XiP7P449YFU.wffA7lXgJGPPL-1fcfvQ1eOYnYcZ4y5hvir8ERGWxJs&dib_tag=se&keywords=Asus+ProArt+PA279CRV&qid=1730770404&s=electronics&sr=1-1-catcorr&ufe=app_do%3Aamzn1.fos.a9e70178-7411-4f75-8d83-e6796a165895","https://t2m.io/3fE4JqP","3fE4JqP","2 ","Asus Pro Art Monitor Color","301","","2024-11-05 01:34:03"
"83322744","https://www.amazon.com.mx/Datacolor-SXP100-Color-Pack-Paquete/dp/B07M6KPJ9K/ref=pd_bxgy_d_sccl_1/145-5777788-1592853?pd_rd_w=ClkDE&content-id=amzn1.sym.a90744bf-d1d2-43d3-ad27-949e2c19e0b5&pf_rd_p=a90744bf-d1d2-43d3-ad27-949e2c19e0b5&pf_rd_r=25GF8YMCXTA3G5MWT9S2&pd_rd_wg=766mW&pd_rd_r=6550b815-8c2a-4495-ad06-05219e4aa3c0&pd_rd_i=B07M6KPJ9K&th=1","https://t2m.io/G0Hg9V8","G0Hg9V8","0 ","Clibrador Color Monitor","301","","2024-11-05 01:34:23"
"83322837","https://www.amazon.com.mx/Yale-Assure-Lock-Touch-satinado/dp/B0D96XNNKG/ref=sr_1_7?__mk_es_MX=%C3%85M%C3%85%C5%BD%C3%95%C3%91&crid=16BYWO0AEMFBT&dib=eyJ2IjoiMSJ9.HgG5aJUAY-H4-qMh93QnkM_57GYCnFoD4DO99QzHbcFfwBw3G6C8GbWw55LRYeRiKQdCp9ZeQU_BIN2tRXXtTjzfjkc6z1C1KNQh8LZe_yIATgshiF6SGHSaSMfqLQY1crIAqSNuW7WQ98Q947H_M_qcHFGwjlV9NkuY9lnRqu1cOgMNAaPcfbqAQwW3TSyoOc_58voWGD1KaXdsx4XNzOeRW9wE3qpC26ywXjo6ob-tgrVR7qOeuXys5JRLqbuC9zfHqoPX5euEJavTTYOAgSANvhf9ZCs1AClgx9Nz6zo.KRQ_SFOACcoBHKsbBKnNiBET0xQzTarjRpFB5-YffxE&dib_tag=se&keywords=yale+assure&qid=1730770833&sprefix=yale+assure%2Caps%2C354&sr=8-7&ufe=app_do%3Aamzn1.fos.a9e70178-7411-4f75-8d83-e6796a165895","https://t2m.io/n33PFpC","n33PFpC","1 ","Lock puerta","301","","2024-11-05 01:41:51"
"83323218","https://www.bhphotovideo.com/c/product/1641570-REG/sandisk_professional_sdph48h_144t_nbaab_144tb_g_raid_shuttle_8.html","https://t2m.io/fcRw7Gr","fcRw7Gr","0 ","G-Rid 144 TB","301","","2024-11-05 02:02:19"
"87365803","https://www.avantadesign.com/team/mateo-reyes","https://avanta.design/mateo-reyes","mateo-reyes","9 ","Mateo Reyes [Avanta Design]","301","","2025-02-02 21:40:26"
"87366512","http://avantadesign.com/team/sergio-barreto","https://avanta.design/sergio-barreto","sergio-barreto","6 ","Sergio Barreto [Avanta Design]","301","","2025-02-02 22:13:52"
"87366547","http://avantadesign.com/team/santiago-jara","https://avanta.design/santiago-jara","santiago-jara","8 ","Santiago Jara [Avanta Design]","301","","2025-02-02 22:14:41"
"87366556","http://avantadesign.com/team/milton-rasgado","https://avanta.design/milton-rasgado","milton-rasgado","0 ","Milton Rasgado [Avanta Design]","301","","2025-02-02 22:15:35"
"87366601","http://avantadesign.com/team/rodrigo-ruiz","https://avanta.design/rodrigo-ruiz","rodrigo-ruiz","0 ","Rodrigo Ruiz [Avanta Design]","301","","2025-02-02 22:16:25"
"87458407","https://docs.google.com/presentation/d/e/2PACX-1vTzjyReGWvCr77rT0qx3ncDxu4jdbUH3UViwJffIfYIsy4gIKCeXlN7Kdi5wpw1WCLjhYSBLBHsft1h/pub?start=false&loop=false&delayms=3000","https://avanta.design/credenciales","credenciales","66 ","Avanta Design [Credenciales y Portafolio]","301","","2025-02-04 01:51:41"
"87838357","https://avantadesign.notion.site/Indigo-Marketing-758184522ccd4e599e1e25052d69a307?pvs=4","https://avanta.design/Indigo","Indigo","9 ","Indigo - Notion","301","","2025-02-12 02:40:00"
"91218615","https://drive.google.com/file/d/1SFjhWedxFdGxaVkso","https://avanta.design/OnePager","OnePager","0 ","Avanta Design | One Pager","301","","2025-04-15 03:37:40"
"91240691","wa.link/g0uhy1","https://avanta.design/asistentia","asistentia","9 ","Asistent.ia","301","","2025-04-15 06:39:42"
"91246751","wa.link/wit46b","https://avanta.design/whatsapp","whatsapp","8 ","Avanta Design üî∂","301","","2025-04-15 07:25:42"
"93904923","https://avantadesign.notion.site/WaterMaster-Marketing-207c0d1b9cae80d89bb2f5515bacc7f7?source=copy_link","https://avanta.design/watermaster","watermaster","3 ","WaterMaster [Marketing] | Portal de Cliente","301","","2025-06-06 02:24:33"
"94129029","https://wa.link/3cj8xg","https://avanta.design/avantawagen","avantawagen","14 ","Avanta Design Whatsapp","301","","2025-06-10 05:34:20"
"94129115","https://wa.link/879a5p","https://avanta.design/QuantumK4_Referidx","QuantumK4_Referidx","1 ","Avanta Design | Referidx Quantum K4","301","","2025-06-10 05:39:08"
"94129152","https://wa.link/6uugg9","https://avanta.design/Sacbe_Referidx","Sacbe_Referidx","1 ","Avanta Design | Referidx Sacbe","301","","2025-06-10 05:41:48"
"94129182","https://wa.link/rsbt6d","https://avanta.design/Potenza_Referidx","Potenza_Referidx","1 ","Avanta Design | Referidx Potenza","301","","2025-06-10 05:43:03"
"94129205","https://wa.link/k1f0nh","https://avanta.design/Mexicana_Referidx","Mexicana_Referidx","0 ","Avanta Design | Referidx Mexicana","301","","2025-06-10 05:43:54"
"94129238","https://wa.link/ewn40g","https://avanta.design/Watermaster_Referidx","Watermaster_Referidx","2 ","Avanta Design | Referidx WaterMaster","301","","2025-06-10 05:44:53"
"95124048","https://avantadesign.com/contacto","https://avanta.design/contacto","contacto","30 ","Contacto | Avanta Design","301","","2025-06-28 06:05:59"
"95291574","https://avantadesign.com/portafolio","https://avanta.design/portafolio","portafolio","7 ","Portafolio Avanta Design","301","","2025-07-01 00:52:52"
"95291578","https://avantadesign.com/nosotros","https://avanta.design/nosotros","nosotros","2 ","Sobre Nosotros Avanta Design","301","","2025-07-01 00:53:08"
"95295512","https://avantadesign.notion.site/Quantum-K4-Portal-Avanta-Design-1edc0d1b9cae8096b5fcff6495707890?source=copy_link","https://avanta.design/QuantumK4","QuantumK4","15 ","","301","","2025-07-01 03:45:37"
"96122869","https://avantadesign.notion.site/Hyper-Group-Portal-Avanta-Design-223c0d1b9cae806d8977edafb6bdb12d?source=copy_link","https://avanta.design/HyperGroup","HyperGroup","2 ","Hyper Group | Portal Avanta Cliente","301","","2025-07-15 22:40:01"
"96555695","https://chatgpt.com/g/g-6880c11b11d481919fa12b89b44c15e0-ebm-ai","https://avanta.design/EBM_AI","EBM_AI","4 ","EBM_AI | ChatGPT","301","","2025-07-24 01:50:11"
"96555853","https://chatgpt.com/g/g-6881920123e88191bd401843b09ebb68-human-ai","https://avanta.design/Human_AI","Human_AI","4 ","Human_AI ChatGPT","301","","2025-07-24 01:57:59"
"96556079","https://chatgpt.com/g/g-688193603ca08191a43a8878e09886af-gray-design-ai","https://avanta.design/GrayDesign_AI","GrayDesign_AI","3 ","Gray Design_AI | ChatGPT","301","","2025-07-24 02:03:41"
"96556269","https://chatgpt.com/g/g-6881963dd5dc8191ae213a5b0ba1f653-hypercube-ai","https://avanta.design/HyperCube_AI","HyperCube_AI","4 ","HyperCube_AI | ChatGPT","301","","2025-07-24 02:15:32"
"96557760","https://chatgpt.com/g/g-6881a7c400a48191982178e8700d6b5f-quantumk4-ai","https://avanta.design/QuantumK4_AI","QuantumK4_AI","7 ","QuantumK4_AI | ChatGPT","301","","2025-07-24 03:36:45"
"96559504","https://chatgpt.com/g/g-6881a59ff4a0819187a4d91f3adb581a-hyper-ai","https://avanta.design/Hyper_AI","Hyper_AI","0 ","Hyper_AI | ChatGPT","301","","2025-07-24 04:17:04"
"96562468","https://chatgpt.com/g/g-6881ba2fbfa481918b98a31c70664c58-matrix-analysis-ai","https://avanta.design/MatrixAnalysis_AI","MatrixAnalysis_AI","7 ","MatrixAnalysis_AI | ChatGPT","301","","2025-07-24 05:16:33"
"96589066","https://avantadesign.notion.site/Matrix-Analysis-Portal-Avanta-Design-22cc0d1b9cae807c8e26c1a8e2be12a3?source=copy_link","https://avanta.design/MatrixAnalysis","MatrixAnalysis","4 ","MatrixAnalysis | Avanta Design Portal","301","","2025-07-24 17:07:39"
"96604214","https://avantadesign.notion.site/Hyper-AI-Agents-23ac0d1b9cae807f9f27d8133b5472ab?source=copy_link","https://avanta.design/HyperGroup_Agents","HyperGroup_Agents","1 ","HyperGroup_Agents","301","","2025-07-25 03:24:27"
"97976487","https://avantadesign.notion.site/Aventia-Portal-Avanta-Design-da26465de21f4ec7bd98fe09db9c84d8?source=copy_link","https://avanta.design/Aventia","Aventia","5 ","Aventia | Portal Avanta","301","","2025-08-20 15:00:50"
"98644071","https://chatgpt.com/g/g-68b3a5b9e9f481918e54ef81fb228ad2-semillitas-del-corazon-ia","https://avanta.design/Semillitas-IA","Semillitas-IA","10 ","Semillitas del Coraz√≥n_IA | Avanta Design","301","","2025-08-31 01:47:22"
"98644196","https://avantadesign.notion.site/Semillitas-del-Coraz-n-Portal-Avanta-Design-25ec0d1b9cae80bab46efd786fcca8de?source=copy_link","https://avanta.design/SemillitasDelCorazon","SemillitasDelCorazon","0 ","Semillitas del Coraz√≥n | Portal Avanta","301","","2025-08-31 01:51:04"
"98674331","semillitasdelcorazon.com","https://avanta.design/semillitasweb","semillitasweb","2 ","Semillitas Web Qr","301","","2025-08-31 10:14:09"
"100079180","https://avantadesign.notion.site/Mon-on-Board-Portal-Avanta-26bc0d1b9cae80c2b396fed77ff58ad7?source=copy_link","https://avanta.design/MonOnBoard","MonOnBoard","3 ","Mon on Board | Portal Avanta","301","","2025-09-11 06:09:14"
"100907610","https://avantadesign.notion.site/Matrix-Analysis-Portal-Avanta-Design-22cc0d1b9cae807c8e26c1a8e2be12a3?source=copy_link","https://avanta.design/matrixanalysis","matrixanalysis","0 ","Matrix Analisis Avanta","301","","2025-09-16 18:51:25"
"101383046","https://chatgpt.com/g/g-68cf14426f908191bdfcfc744af140f1-water-master-ai","https://avanta.design/WaterMaster_AI","WaterMaster_AI","2 ","Watermaster_AI | ChatGPT","301","","2025-09-20 21:00:39"
"102950817","https://avantadesign.notion.site/Un-Mito-con-Fin-Portal-Avanta-271c0d1b9cae80de9663cadc8a773c6d?source=copy_link","https://avanta.design/UnMitoConFin","UnMitoConFin","7 ","UnMitoConFin | Portal Avanta","301","","2025-10-03 05:20:01"
"102954808","https://chatgpt.com/g/g-68df63c205d88191aef24df7a5069bcc-estrudeluz-ia","https://avanta.design/Estrudeluz_IA","Estrudeluz_IA","4 ","Estrudeluz_IA | ChatGPT","301","","2025-10-03 05:59:20"
"103088536","https://avantadesign.notion.site/Deluz-33-Portal-Avanta-282c0d1b9cae80aa97f4cbba655f7c96?source=copy_link","https://avanta.design/Deluz33","Deluz33","7 ","Deluz33 | Portal Avanta","301","","2025-10-04 20:11:05"